Clump_thickness,Uniformity_of_cell_size,Uniformity_of_cell_shape,Marginal_adhesion,Single_epithelial_cell_size,Bare_nuclei,Bland_chromatin,Normal_nucleoli,Mitoses,Class
0.4444444444444445,0.0,0.0,0.0,0.125,0.0,0.2222222222222222,0.0,0.0,0.0
0.4444444444444445,0.3333333333333333,0.3333333333333333,0.4444444444444445,0.75,1.0,0.2222222222222222,0.1111111111111111,0.0,0.0
0.2222222222222222,0.0,0.0,0.0,0.125,0.1111111111111111,0.2222222222222222,0.0,0.0,0.0
0.5555555555555556,0.7777777777777777,0.7777777777777777,0.0,0.25,0.3333333333333333,0.2222222222222222,0.6666666666666665,0.0,0.0
0.3333333333333333,0.0,0.0,0.2222222222222222,0.125,0.0,0.2222222222222222,0.0,0.0,0.0
0.7777777777777777,1.0,1.0,0.7777777777777777,0.75,1.0,0.8888888888888888,0.6666666666666665,0.0,1.0
0.0,0.0,0.0,0.0,0.125,1.0,0.2222222222222222,0.0,0.0,0.0
0.1111111111111111,0.0,0.1111111111111111,0.0,0.125,0.0,0.2222222222222222,0.0,0.0,0.0
0.3333333333333333,0.1111111111111111,0.0,0.0,0.125,0.0,0.1111111111111111,0.0,0.0,0.0
0.0,0.0,0.0,0.0,0.0,0.0,0.2222222222222222,0.0,0.0,0.0
0.1111111111111111,0.0,0.0,0.0,0.125,0.0,0.1111111111111111,0.0,0.0,0.0
0.4444444444444445,0.2222222222222222,0.2222222222222222,0.2222222222222222,0.125,0.2222222222222222,0.3333333333333333,0.3333333333333333,0.0,1.0
0.0,0.0,0.0,0.0,0.125,0.2222222222222222,0.2222222222222222,0.0,0.0,0.0
0.6666666666666665,0.3333333333333333,0.5555555555555556,0.3333333333333333,0.625,0.0,0.3333333333333333,0.2222222222222222,0.0,1.0
0.3333333333333333,0.0,0.0,0.0,0.125,0.0,0.1111111111111111,0.0,0.0,0.0
0.3333333333333333,0.0,0.0,0.0,0.125,0.0,0.2222222222222222,0.0,0.0,0.0
1.0,0.6666666666666665,0.6666666666666665,0.5555555555555556,0.375,1.0,0.3333333333333333,0.0,0.5,1.0
0.5555555555555556,0.0,0.0,0.0,0.125,0.0,0.2222222222222222,0.0,0.0,0.0
1.0,0.4444444444444445,0.4444444444444445,0.2222222222222222,0.625,0.6666666666666665,0.6666666666666665,1.0,0.0,1.0
0.2222222222222222,0.0,0.0,0.0,0.125,0.0,0.1111111111111111,0.0,0.0,0.0
0.7777777777777777,0.3333333333333333,0.4444444444444445,0.0,0.125,0.0,0.6666666666666665,0.2222222222222222,0.0,1.0
0.0,0.0,0.0,0.0,0.125,0.0,0.2222222222222222,0.0,0.0,0.0
0.4444444444444445,0.1111111111111111,0.2222222222222222,0.3333333333333333,0.125,0.6666666666666665,0.2222222222222222,0.5555555555555556,0.0,1.0
0.2222222222222222,0.1111111111111111,0.0,0.0,0.0,0.0,0.1111111111111111,0.0,0.0,0.0
0.4444444444444445,0.0,0.0,0.0,0.125,0.0,0.1111111111111111,0.0,0.0,0.0
0.0,0.0,0.2222222222222222,0.0,0.125,0.0,0.0,0.0,0.0,0.0
0.2222222222222222,0.0,0.0,0.0,0.0,0.0,0.1111111111111111,0.0,0.0,0.0
0.1111111111111111,0.0,0.0,0.0,0.125,0.0,0.2222222222222222,0.0,0.0,0.0
1.0,0.6666666666666665,0.6666666666666665,0.2222222222222222,0.875,0.4444444444444445,0.6666666666666665,0.3333333333333333,1.0,1.0
0.1111111111111111,0.0,0.0,0.1111111111111111,0.125,0.0,0.2222222222222222,0.0,0.0,0.0
0.2222222222222222,0.0,0.1111111111111111,0.0,0.125,0.0,0.1111111111111111,0.0,0.0,0.0
1.0,1.0,1.0,0.7777777777777777,0.625,0.0,0.7777777777777777,0.8888888888888888,0.0,1.0
0.5555555555555556,0.1111111111111111,0.0,0.0,0.0,0.0,0.6666666666666665,0.0,0.0,0.0
0.4444444444444445,0.3333333333333333,0.3333333333333333,0.8888888888888888,0.125,1.0,0.4444444444444445,0.5555555555555556,0.0,1.0
0.1111111111111111,0.4444444444444445,0.2222222222222222,0.2222222222222222,0.625,0.6666666666666665,0.6666666666666665,0.4444444444444445,0.0,1.0
0.5555555555555556,0.5555555555555556,0.5555555555555556,0.8888888888888888,0.625,0.0,0.6666666666666665,0.7777777777777777,0.0,0.0
1.0,0.3333333333333333,0.2222222222222222,0.0,0.25,0.2222222222222222,0.5555555555555556,0.4444444444444445,0.5,1.0
0.5555555555555556,1.0,1.0,0.1111111111111111,0.875,1.0,0.6666666666666665,0.2222222222222222,1.0,1.0
1.0,1.0,1.0,0.3333333333333333,0.875,0.0,0.7777777777777777,1.0,0.0,1.0
0.0,0.0,0.0,0.0,0.125,0.0,0.1111111111111111,0.0,0.5,0.0
0.2222222222222222,0.6666666666666665,0.6666666666666665,0.3333333333333333,0.375,0.8888888888888888,0.3333333333333333,0.7777777777777777,0.0,1.0
0.0,0.0,0.0,0.0,0.125,0.0,0.1111111111111111,0.0,0.0,0.0
0.6666666666666665,0.7777777777777777,0.6666666666666665,0.1111111111111111,0.375,0.7777777777777777,0.2222222222222222,0.7777777777777777,0.5,1.0
0.4444444444444445,0.2222222222222222,0.2222222222222222,0.3333333333333333,0.125,0.3333333333333333,0.2222222222222222,0.3333333333333333,0.0,1.0
1.0,0.2222222222222222,0.5555555555555556,0.1111111111111111,0.25,0.4444444444444445,0.3333333333333333,1.0,0.5,1.0
1.0,0.4444444444444445,0.4444444444444445,0.5555555555555556,0.875,0.7777777777777777,0.6666666666666665,0.0,0.0,1.0
1.0,0.5555555555555556,0.5555555555555556,0.2222222222222222,0.375,0.4444444444444445,0.2222222222222222,0.5555555555555556,0.0,1.0
0.7777777777777777,1.0,1.0,0.0,0.25,0.5555555555555556,0.2222222222222222,0.8888888888888888,0.0,1.0
0.4444444444444445,0.1111111111111111,0.2222222222222222,0.0,0.625,1.0,0.4444444444444445,0.0,0.0,1.0
0.8888888888888888,0.4444444444444445,0.4444444444444445,0.1111111111111111,0.125,0.1111111111111111,0.4444444444444445,0.0,0.0,1.0
0.4444444444444445,0.2222222222222222,0.4444444444444445,0.4444444444444445,0.25,0.2222222222222222,0.3333333333333333,1.0,0.0,1.0
0.0,0.0,0.0,0.0,0.125,0.1111111111111111,0.1111111111111111,0.0,0.0,0.0
0.5555555555555556,0.2222222222222222,0.3333333333333333,0.0,0.5,0.1111111111111111,0.2222222222222222,0.8888888888888888,0.0,1.0
0.4444444444444445,0.2222222222222222,0.3333333333333333,0.0,0.875,1.0,0.3333333333333333,0.8888888888888888,0.0,1.0
0.0,0.0,0.0,0.0,0.125,0.0,0.2222222222222222,0.1111111111111111,0.0,0.0
0.4444444444444445,0.0,0.2222222222222222,0.0,0.125,0.0,0.1111111111111111,0.0,0.0,0.0
0.0,0.2222222222222222,0.2222222222222222,0.1111111111111111,0.125,0.0,0.6666666666666665,0.1111111111111111,0.0,0.0
0.8888888888888888,0.3333333333333333,0.4444444444444445,1.0,0.625,1.0,0.3333333333333333,0.7777777777777777,0.0,1.0
1.0,0.5555555555555556,0.3333333333333333,0.0,0.25,0.3333333333333333,0.2222222222222222,0.1111111111111111,1.0,1.0
0.0,0.0,0.1111111111111111,0.0,0.125,0.1111111111111111,0.3333333333333333,0.1111111111111111,0.0,0.0
0.0,0.0,0.3333333333333333,0.0,0.125,0.0,0.1111111111111111,0.0,0.0,0.0
0.4444444444444445,0.2222222222222222,0.0,0.1111111111111111,0.125,0.0,0.1111111111111111,0.0,0.0,0.0
0.2222222222222222,0.0,0.0,0.0,0.125,0.2222222222222222,0.2222222222222222,0.0,0.0,0.0
0.1111111111111111,0.0,0.0,0.0,0.25,0.0,0.1111111111111111,0.0,0.0,0.0
0.1111111111111111,0.1111111111111111,0.1111111111111111,0.0,0.0,0.0,0.6666666666666665,0.0,0.0,0.0
0.3333333333333333,0.0,0.0,0.1111111111111111,0.125,0.0,0.1111111111111111,0.0,0.0,0.0
0.4444444444444445,0.1111111111111111,0.0,0.0,0.125,0.0,0.2222222222222222,0.0,0.0,0.0
0.2222222222222222,0.0,0.0,0.0,0.125,0.1111111111111111,0.6666666666666665,0.0,0.0,0.0
0.2222222222222222,0.2222222222222222,0.5555555555555556,0.3333333333333333,0.5,0.7777777777777777,0.3333333333333333,0.3333333333333333,0.0,1.0
0.2222222222222222,0.5555555555555556,0.5555555555555556,0.5555555555555556,0.5,1.0,0.5555555555555556,0.7777777777777777,1.0,1.0
0.1111111111111111,0.0,0.0,0.1111111111111111,0.25,0.0,0.1111111111111111,0.0,0.0,0.0
0.2222222222222222,0.0,0.0,0.1111111111111111,0.125,0.0,0.0,0.0,0.0,0.0
0.1111111111111111,0.0,0.0,0.1111111111111111,0.125,0.0,0.0,0.0,0.0,0.0
0.1111111111111111,0.2222222222222222,0.3333333333333333,0.3333333333333333,0.125,0.4444444444444445,0.1111111111111111,0.4444444444444445,0.0,1.0
0.3333333333333333,0.0,0.1111111111111111,0.0,0.125,0.0,0.2222222222222222,0.0,0.0,0.0
0.7777777777777777,0.1111111111111111,0.2222222222222222,0.0,0.625,0.2222222222222222,0.6666666666666665,0.0,0.0,1.0
1.0,1.0,1.0,0.7777777777777777,0.125,1.0,0.3333333333333333,0.0,0.0,1.0
0.0,0.5555555555555556,0.7777777777777777,1.0,0.875,1.0,0.4444444444444445,0.6666666666666665,0.0,1.0
0.0,0.0,0.0,0.0,0.125,0.0,0.1111111111111111,0.2222222222222222,0.0,0.0
0.5555555555555556,0.4444444444444445,0.3333333333333333,0.3333333333333333,0.25,0.8888888888888888,0.6666666666666665,0.7777777777777777,1.0,1.0
0.0,0.2222222222222222,0.0,0.1111111111111111,0.125,0.1111111111111111,0.4444444444444445,0.2222222222222222,0.5,0.0
0.7777777777777777,0.5555555555555556,0.3333333333333333,0.2222222222222222,0.5,0.8888888888888888,0.2222222222222222,0.0,0.0,1.0
1.0,0.2222222222222222,0.2222222222222222,1.0,0.125,1.0,0.6666666666666665,0.2222222222222222,1.0,1.0
0.2222222222222222,0.2222222222222222,0.1111111111111111,0.0,0.125,0.2222222222222222,0.2222222222222222,0.0,0.0,0.0
0.0,0.0,0.0,0.0,0.125,0.4444444444444445,0.0,0.0,0.0,0.0
0.7777777777777777,0.2222222222222222,0.2222222222222222,0.0,0.125,0.1111111111111111,0.2222222222222222,0.1111111111111111,0.0,0.0
0.0,0.0,0.0,0.0,0.375,0.2222222222222222,0.0,0.0,0.0,0.0
0.2222222222222222,0.1111111111111111,0.0,0.0,0.125,0.1111111111111111,0.2222222222222222,0.0,0.0,0.0
0.0,0.0,0.1111111111111111,0.1111111111111111,0.125,0.0,0.2222222222222222,0.0,0.0,0.0
0.3333333333333333,0.1111111111111111,0.0,0.0,0.125,0.1111111111111111,0.2222222222222222,0.0,0.0,0.0
0.4444444444444445,0.2222222222222222,0.4444444444444445,0.0,0.875,1.0,0.4444444444444445,0.2222222222222222,0.0,1.0
0.4444444444444445,0.3333333333333333,0.5555555555555556,0.6666666666666665,1.0,0.6666666666666665,0.7777777777777777,1.0,0.0,1.0
0.2222222222222222,0.0,0.0,0.0,0.125,0.0,0.2222222222222222,0.0,0.0,0.0
0.7777777777777777,0.2222222222222222,0.4444444444444445,0.3333333333333333,0.5,1.0,0.0,0.5555555555555556,0.5,1.0
0.4444444444444445,1.0,0.7777777777777777,1.0,0.875,1.0,0.2222222222222222,0.5555555555555556,1.0,1.0
0.2222222222222222,0.0,0.0,0.0,0.125,0.0,0.1111111111111111,0.1111111111111111,0.0,0.0
0.2222222222222222,0.0,0.0,0.0,0.25,0.0,0.1111111111111111,0.0,0.0,0.0
0.4444444444444445,0.0,0.0,0.0,0.125,0.1111111111111111,0.2222222222222222,0.2222222222222222,0.0,0.0
0.2222222222222222,0.0,0.0,0.0,0.125,0.0,0.0,0.0,0.0,0.0
0.3333333333333333,0.0,0.1111111111111111,0.0,0.125,0.0,0.1111111111111111,0.0,0.0,0.0
0.0,0.0,0.0,0.0,0.0,0.0,0.1111111111111111,0.0,0.0,0.0
0.1111111111111111,0.0,0.0,0.0,0.125,0.0,0.0,0.0,0.0,0.0
0.8888888888888888,0.4444444444444445,0.4444444444444445,0.3333333333333333,0.375,0.4444444444444445,0.3333333333333333,0.2222222222222222,1.0,1.0
0.0,0.0,0.2222222222222222,0.0,0.125,0.0,0.1111111111111111,0.0,0.0,0.0
0.2222222222222222,0.3333333333333333,0.4444444444444445,0.1111111111111111,0.625,0.7777777777777777,0.3333333333333333,0.0,0.0,1.0
0.0,0.0,0.0,0.0,0.25,0.1111111111111111,0.1111111111111111,0.0,0.0,0.0
0.2222222222222222,0.0,0.0,0.2222222222222222,0.875,0.0,0.4444444444444445,0.7777777777777777,0.0,0.0
0.6666666666666665,0.1111111111111111,0.3333333333333333,0.0,0.625,1.0,0.4444444444444445,0.3333333333333333,1.0,1.0
1.0,1.0,0.7777777777777777,0.5555555555555556,0.375,0.4444444444444445,0.7777777777777777,1.0,0.0,1.0
0.3333333333333333,0.0,0.0,0.0,0.125,0.2222222222222222,0.0,0.0,0.0,0.0
0.0,0.0,0.0,0.0,0.125,0.0,0.0,0.0,0.0,0.0
0.4444444444444445,0.4444444444444445,0.4444444444444445,0.5555555555555556,0.25,1.0,0.2222222222222222,0.0,0.0,1.0
0.0,0.1111111111111111,0.1111111111111111,0.0,0.125,0.0,0.1111111111111111,0.0,0.0,0.0
0.0,0.0,0.1111111111111111,0.0,0.25,0.0,0.0,0.0,0.0,0.0
1.0,0.6666666666666665,0.6666666666666665,0.3333333333333333,0.5,1.0,0.4444444444444445,0.6666666666666665,0.5,1.0
0.3333333333333333,0.0,0.0,0.0,0.125,0.0,0.2222222222222222,0.1111111111111111,0.0,0.0
0.3333333333333333,0.0,0.0,0.0,0.125,0.1111111111111111,0.2222222222222222,0.1111111111111111,0.0,0.0
0.4444444444444445,0.5555555555555556,0.6666666666666665,0.7777777777777777,0.875,1.0,0.2222222222222222,1.0,1.0,1.0
0.0,0.0,0.0,0.1111111111111111,0.0,0.0,0.0,0.0,0.0,0.0
0.7777777777777777,0.5555555555555556,0.4444444444444445,0.3333333333333333,0.25,1.0,0.5555555555555556,0.0,0.0,1.0
0.4444444444444445,1.0,1.0,0.2222222222222222,0.875,0.0,0.4444444444444445,1.0,1.0,1.0
0.4444444444444445,0.2222222222222222,0.2222222222222222,0.2222222222222222,0.625,1.0,0.2222222222222222,0.0,0.0,1.0
0.4444444444444445,0.7777777777777777,0.7777777777777777,0.7777777777777777,0.5,1.0,0.6666666666666665,0.7777777777777777,0.0,1.0
0.7777777777777777,0.6666666666666665,0.5555555555555556,0.3333333333333333,0.375,1.0,0.4444444444444445,0.0,0.0,1.0
0.1111111111111111,0.0,0.0,0.0,0.0,0.0,0.2222222222222222,0.0,0.0,0.0
0.0,0.4444444444444445,0.7777777777777777,0.5555555555555556,0.5,0.7777777777777777,0.6666666666666665,1.0,0.0,1.0
0.4444444444444445,0.7777777777777777,0.3333333333333333,1.0,0.5,0.7777777777777777,0.8888888888888888,1.0,0.0,1.0
0.0,0.1111111111111111,0.2222222222222222,0.0,0.125,0.0,0.2222222222222222,0.0,0.0,0.0
1.0,1.0,1.0,0.7777777777777777,0.625,0.7777777777777777,0.6666666666666665,1.0,0.0,1.0
0.7777777777777777,0.3333333333333333,0.3333333333333333,0.4444444444444445,0.375,0.6666666666666665,0.6666666666666665,0.7777777777777777,0.5,0.0
0.4444444444444445,0.0,0.0,0.3333333333333333,0.125,0.0,0.2222222222222222,0.0,0.0,0.0
0.8888888888888888,0.6666666666666665,0.6666666666666665,0.4444444444444445,0.5,1.0,0.6666666666666665,0.7777777777777777,1.0,1.0
1.0,1.0,0.8888888888888888,0.2222222222222222,0.75,0.4444444444444445,0.2222222222222222,0.4444444444444445,0.0,1.0
0.4444444444444445,0.0,0.0,0.0,0.0,0.0,0.2222222222222222,0.0,0.0,0.0
0.7777777777777777,1.0,0.7777777777777777,0.7777777777777777,0.375,0.7777777777777777,0.6666666666666665,0.6666666666666665,0.0,1.0
1.0,1.0,1.0,1.0,0.25,1.0,1.0,0.5555555555555556,0.0,1.0
0.7777777777777777,0.6666666666666665,0.7777777777777777,0.6666666666666665,0.5,0.4444444444444445,0.4444444444444445,1.0,0.5,1.0
0.5555555555555556,1.0,0.6666666666666665,0.6666666666666665,0.625,0.3333333333333333,0.7777777777777777,1.0,0.5,1.0
0.5555555555555556,0.0,0.2222222222222222,0.0,0.125,0.0,0.2222222222222222,0.0,0.0,0.0
0.0,0.0,0.0,0.1111111111111111,0.125,0.0,0.2222222222222222,0.0,0.0,0.0
0.3333333333333333,0.0,0.0,0.2222222222222222,0.0,0.4444444444444445,0.1111111111111111,0.0,0.0,1.0
0.6666666666666665,0.4444444444444445,0.5555555555555556,0.2222222222222222,0.25,0.7777777777777777,0.6666666666666665,0.3333333333333333,0.0,1.0
1.0,0.4444444444444445,0.4444444444444445,0.5555555555555556,0.25,1.0,0.6666666666666665,0.8888888888888888,0.5,1.0
1.0,0.4444444444444445,0.6666666666666665,0.3333333333333333,0.375,1.0,0.7777777777777777,0.8888888888888888,0.0,1.0
0.7777777777777777,0.8888888888888888,0.8888888888888888,0.4444444444444445,0.25,0.4444444444444445,0.6666666666666665,0.6666666666666665,0.0,1.0
0.6666666666666665,0.3333333333333333,0.6666666666666665,0.3333333333333333,0.25,0.6666666666666665,0.6666666666666665,0.5555555555555556,0.0,1.0
0.5555555555555556,0.7777777777777777,0.6666666666666665,0.4444444444444445,0.625,0.7777777777777777,0.7777777777777777,0.8888888888888888,0.5,1.0
0.7777777777777777,0.3333333333333333,0.5555555555555556,0.2222222222222222,0.25,0.0,0.3333333333333333,0.2222222222222222,0.0,0.0
1.0,0.3333333333333333,0.4444444444444445,0.4444444444444445,0.5,1.0,0.3333333333333333,0.0,0.0,1.0
0.2222222222222222,0.2222222222222222,0.1111111111111111,0.0,0.25,0.0,0.2222222222222222,0.5555555555555556,0.0,0.0
0.2222222222222222,0.0,0.3333333333333333,0.0,0.125,0.0,0.2222222222222222,0.0,0.0,0.0
1.0,0.3333333333333333,0.2222222222222222,0.1111111111111111,0.25,1.0,0.4444444444444445,0.2222222222222222,0.5,1.0
0.4444444444444445,0.0,0.2222222222222222,0.2222222222222222,0.125,0.1111111111111111,0.1111111111111111,0.2222222222222222,0.0,0.0
0.2222222222222222,0.0,0.0,0.2222222222222222,0.0,0.0,0.2222222222222222,0.0,0.0,0.0
0.0,0.0,0.0,0.0,0.125,0.4444444444444445,0.4444444444444445,0.0,0.0,0.0
0.4444444444444445,0.0,0.0,0.1111111111111111,0.125,0.1111111111111111,0.2222222222222222,0.0,0.0,0.0
0.7777777777777777,1.0,1.0,0.7777777777777777,0.5,1.0,0.6666666666666665,0.7777777777777777,0.0,1.0
0.7777777777777777,0.3333333333333333,0.3333333333333333,0.0,0.125,0.8888888888888888,0.2222222222222222,0.2222222222222222,0.0,1.0
0.3333333333333333,0.0,0.0,0.0,0.125,0.0,0.2222222222222222,0.5555555555555556,0.0,0.0
0.0,0.1111111111111111,0.1111111111111111,0.0,0.125,0.0,0.0,0.0,0.0,0.0
1.0,0.3333333333333333,0.3333333333333333,1.0,0.125,1.0,0.4444444444444445,0.2222222222222222,1.0,1.0
0.5555555555555556,0.2222222222222222,0.2222222222222222,0.4444444444444445,0.25,1.0,0.2222222222222222,0.4444444444444445,1.0,0.0
0.4444444444444445,0.5555555555555556,0.5555555555555556,0.1111111111111111,0.375,1.0,0.2222222222222222,0.5555555555555556,0.0,1.0
0.4444444444444445,0.6666666666666665,0.6666666666666665,0.0,0.5,0.7777777777777777,0.2222222222222222,0.3333333333333333,0.0,0.0
1.0,0.4444444444444445,0.7777777777777777,1.0,0.25,1.0,0.4444444444444445,0.0,1.0,1.0
0.7777777777777777,0.7777777777777777,0.8888888888888888,0.3333333333333333,0.5,1.0,0.6666666666666665,0.7777777777777777,0.0,1.0
1.0,0.3333333333333333,0.3333333333333333,1.0,0.625,1.0,0.4444444444444445,0.4444444444444445,0.0,1.0
0.4444444444444445,0.0,0.3333333333333333,0.0,0.125,0.0,0.2222222222222222,0.1111111111111111,0.0,0.0
1.0,1.0,0.5555555555555556,0.2222222222222222,0.25,1.0,0.3333333333333333,0.2222222222222222,0.5,1.0
0.2222222222222222,0.2222222222222222,0.4444444444444445,0.1111111111111111,0.25,1.0,0.6666666666666665,0.0,0.0,1.0
0.7777777777777777,0.3333333333333333,0.6666666666666665,0.0,0.25,1.0,0.2222222222222222,0.8888888888888888,0.5,1.0
0.6666666666666665,0.1111111111111111,0.3333333333333333,0.0,0.25,0.3333333333333333,0.2222222222222222,0.2222222222222222,0.0,1.0
0.2222222222222222,0.0,0.0,0.0,0.125,0.0,0.2222222222222222,0.1111111111111111,0.0,0.0
0.2222222222222222,0.0,0.2222222222222222,0.0,0.125,0.0,0.1111111111111111,0.0,0.0,0.0
0.0,0.3333333333333333,0.2222222222222222,1.0,0.375,1.0,0.4444444444444445,0.5555555555555556,0.0,1.0
1.0,0.3333333333333333,0.5555555555555556,0.0,0.125,1.0,0.4444444444444445,0.2222222222222222,0.0,1.0
0.6666666666666665,0.3333333333333333,0.4444444444444445,1.0,0.125,1.0,0.2222222222222222,0.7777777777777777,0.5,1.0
0.7777777777777777,1.0,1.0,1.0,0.875,1.0,1.0,0.6666666666666665,1.0,1.0
0.5555555555555556,0.0,0.2222222222222222,0.0,0.375,0.4444444444444445,0.4444444444444445,1.0,0.0,1.0
0.7777777777777777,0.7777777777777777,0.7777777777777777,0.0,0.125,0.0,0.5555555555555556,1.0,0.0,1.0
1.0,0.3333333333333333,0.3333333333333333,0.5555555555555556,0.125,1.0,0.1111111111111111,0.2222222222222222,0.0,1.0
0.4444444444444445,0.4444444444444445,0.6666666666666665,0.7777777777777777,0.625,1.0,0.6666666666666665,0.3333333333333333,0.0,1.0
0.4444444444444445,0.2222222222222222,0.3333333333333333,0.2222222222222222,0.375,0.4444444444444445,0.3333333333333333,0.6666666666666665,0.0,0.0
0.4444444444444445,0.3333333333333333,0.2222222222222222,0.0,0.125,0.0,0.1111111111111111,0.2222222222222222,0.0,0.0
0.7777777777777777,0.1111111111111111,0.0,0.0,0.5,0.0,0.0,0.0,0.0,0.0
0.8888888888888888,0.0,0.1111111111111111,0.5555555555555556,0.375,1.0,0.6666666666666665,0.6666666666666665,0.5,1.0
0.7777777777777777,0.3333333333333333,1.0,0.4444444444444445,0.375,0.3333333333333333,0.6666666666666665,1.0,0.0,1.0
0.7777777777777777,0.2222222222222222,0.3333333333333333,0.8888888888888888,0.25,1.0,0.2222222222222222,0.2222222222222222,0.0,1.0
0.2222222222222222,0.0,0.0,0.0,0.125,0.4444444444444445,0.4444444444444445,0.0,0.0,0.0
0.3333333333333333,0.5555555555555556,0.4444444444444445,0.5555555555555556,0.75,0.0,0.3333333333333333,0.8888888888888888,0.0,0.0
0.4444444444444445,0.4444444444444445,0.4444444444444445,0.1111111111111111,0.5,1.0,0.3333333333333333,0.2222222222222222,0.0,1.0
0.5555555555555556,0.7777777777777777,0.6666666666666665,0.7777777777777777,0.625,0.7777777777777777,0.7777777777777777,0.8888888888888888,0.0,1.0
0.0,0.0,0.0,0.0,0.5,0.0,0.2222222222222222,0.0,0.0,0.0
0.3333333333333333,0.3333333333333333,0.3333333333333333,0.3333333333333333,0.625,0.4444444444444445,0.6666666666666665,0.2222222222222222,0.0,0.0
0.4444444444444445,0.3333333333333333,0.5555555555555556,1.0,0.125,1.0,0.3333333333333333,0.0,0.0,1.0
0.2222222222222222,0.1111111111111111,0.1111111111111111,0.0,0.125,0.0,0.1111111111111111,0.2222222222222222,0.0,0.0
1.0,0.0,0.0,0.0,0.125,1.0,0.4444444444444445,0.3333333333333333,0.0,1.0
0.7777777777777777,1.0,0.2222222222222222,0.1111111111111111,0.625,0.3333333333333333,0.2222222222222222,1.0,0.0,1.0
1.0,0.3333333333333333,0.5555555555555556,0.3333333333333333,0.5,1.0,0.6666666666666665,0.0,0.0,1.0
1.0,0.3333333333333333,0.6666666666666665,0.1111111111111111,0.125,0.7777777777777777,0.5555555555555556,0.0,0.0,1.0
0.4444444444444445,0.0,0.0,0.0,0.125,0.0,0.2222222222222222,0.0,0.5,0.0
0.4444444444444445,0.1111111111111111,0.1111111111111111,0.1111111111111111,0.125,0.0,0.1111111111111111,0.1111111111111111,0.0,0.0
0.4444444444444445,0.3333333333333333,0.5555555555555556,0.5555555555555556,0.375,1.0,0.3333333333333333,0.2222222222222222,0.0,1.0
0.7777777777777777,0.5555555555555556,0.6666666666666665,0.2222222222222222,0.25,1.0,0.2222222222222222,0.3333333333333333,0.5,1.0
0.5555555555555556,0.4444444444444445,0.4444444444444445,0.7777777777777777,0.375,1.0,0.2222222222222222,0.3333333333333333,0.0,1.0
0.7777777777777777,0.4444444444444445,0.4444444444444445,0.4444444444444445,0.125,1.0,0.3333333333333333,0.2222222222222222,0.0,1.0
1.0,0.2222222222222222,0.2222222222222222,0.0,0.125,1.0,0.6666666666666665,0.5555555555555556,0.0,1.0
0.4444444444444445,0.1111111111111111,0.1111111111111111,0.1111111111111111,0.25,0.0,0.0,0.2222222222222222,0.0,0.0
0.0,0.0,0.0,0.0,0.0,0.0,0.0,0.2222222222222222,0.0,0.0
0.2222222222222222,0.3333333333333333,0.3333333333333333,1.0,0.5,0.0,0.2222222222222222,0.2222222222222222,0.0,1.0
0.3333333333333333,0.1111111111111111,0.2222222222222222,0.4444444444444445,0.25,0.7777777777777777,0.6666666666666665,0.5555555555555556,0.0,1.0
0.4444444444444445,0.0,0.0,0.2222222222222222,0.125,0.0,0.0,0.0,0.0,0.0
0.2222222222222222,0.3333333333333333,0.4444444444444445,0.2222222222222222,0.75,0.2222222222222222,0.3333333333333333,0.5555555555555556,0.0,0.0
0.3333333333333333,0.0,0.0,0.0,0.25,0.0,0.1111111111111111,0.1111111111111111,0.0,0.0
0.4444444444444445,0.2222222222222222,0.2222222222222222,0.0,0.25,0.2222222222222222,0.2222222222222222,0.2222222222222222,1.0,1.0
0.7777777777777777,1.0,0.4444444444444445,0.2222222222222222,0.875,0.3333333333333333,0.3333333333333333,1.0,1.0,1.0
1.0,0.2222222222222222,0.4444444444444445,0.3333333333333333,0.25,0.6666666666666665,0.2222222222222222,0.4444444444444445,1.0,1.0
0.2222222222222222,0.1111111111111111,0.1111111111111111,0.0,0.375,0.2222222222222222,0.1111111111111111,0.0,0.0,0.0
0.3333333333333333,0.3333333333333333,0.3333333333333333,0.1111111111111111,0.125,0.2222222222222222,0.1111111111111111,0.0,0.0,0.0
0.4444444444444445,0.7777777777777777,0.7777777777777777,1.0,0.5,1.0,0.7777777777777777,1.0,1.0,1.0
0.0,0.0,0.2222222222222222,0.0,0.0,0.0,0.1111111111111111,0.0,0.0,0.0
0.3333333333333333,0.2222222222222222,0.1111111111111111,0.0,0.25,0.0,0.1111111111111111,0.0,0.0,0.0
0.4444444444444445,0.0,0.0,0.1111111111111111,0.125,0.0,0.1111111111111111,0.0,0.0,0.0
0.2222222222222222,0.0,0.0,0.3333333333333333,0.25,0.0,0.1111111111111111,0.1111111111111111,0.0,0.0
0.4444444444444445,0.2222222222222222,0.3333333333333333,0.0,0.375,0.0,0.2222222222222222,0.0,0.0,0.0
0.2222222222222222,0.1111111111111111,0.1111111111111111,0.1111111111111111,0.125,0.0,0.2222222222222222,0.1111111111111111,0.0,0.0
0.2222222222222222,0.2222222222222222,0.1111111111111111,0.1111111111111111,0.25,0.0,0.0,0.1111111111111111,1.0,0.0
0.6666666666666665,0.5555555555555556,0.5555555555555556,0.2222222222222222,0.125,1.0,0.6666666666666665,0.0,0.0,1.0
0.4444444444444445,0.2222222222222222,0.2222222222222222,0.1111111111111111,0.25,0.0,0.2222222222222222,0.0,0.0,0.0
0.1111111111111111,0.0,0.0,0.0,0.125,0.0,0.1111111111111111,0.1111111111111111,0.0,0.0
0.4444444444444445,0.0,0.0,0.0,0.25,0.1111111111111111,0.1111111111111111,0.1111111111111111,0.0,0.0
0.0,0.0,0.0,0.1111111111111111,0.125,0.0,0.1111111111111111,0.0,0.0,0.0
1.0,0.7777777777777777,0.6666666666666665,0.3333333333333333,0.25,1.0,0.6666666666666665,0.8888888888888888,0.0,1.0
0.0,0.0,0.0,0.0,0.0,0.0,0.0,0.0,0.0,0.0
0.0,0.1111111111111111,0.2222222222222222,0.0,0.125,0.0,0.1111111111111111,0.0,0.0,0.0
0.3333333333333333,0.0,0.0,0.0,0.125,0.0,0.0,0.0,0.0,0.0
0.2222222222222222,0.1111111111111111,0.0,0.0,0.125,0.0,0.1111111111111111,0.1111111111111111,0.0,0.0
0.0,0.1111111111111111,0.2222222222222222,0.0,0.125,0.0,0.0,0.0,0.0,0.0
0.4444444444444445,0.2222222222222222,0.2222222222222222,0.0,0.125,0.0,0.1111111111111111,0.0,0.0,0.0
0.2222222222222222,0.0,0.0,0.0,0.125,0.3333333333333333,0.0,0.0,0.0,0.0
0.0,0.1111111111111111,0.0,0.2222222222222222,0.125,0.0,0.0,0.1111111111111111,0.0,0.0
0.3333333333333333,0.1111111111111111,0.1111111111111111,0.0,0.125,0.0,0.1111111111111111,0.0,0.0,0.0
0.1111111111111111,0.2222222222222222,0.1111111111111111,0.1111111111111111,0.125,0.1111111111111111,0.2222222222222222,0.0,0.0,0.0
1.0,1.0,1.0,0.5555555555555556,0.875,0.3333333333333333,0.7777777777777777,0.4444444444444445,0.0,1.0
0.4444444444444445,0.0,0.1111111111111111,0.0,0.125,0.0,0.2222222222222222,0.0,0.0,0.0
0.7777777777777777,0.4444444444444445,0.5555555555555556,0.1111111111111111,0.25,1.0,0.5555555555555556,0.5555555555555556,0.0,1.0
0.2222222222222222,0.2222222222222222,0.1111111111111111,0.5555555555555556,0.25,0.2222222222222222,0.2222222222222222,0.4444444444444445,0.0,0.0
0.4444444444444445,0.1111111111111111,0.1111111111111111,0.1111111111111111,0.125,0.1111111111111111,0.2222222222222222,0.1111111111111111,0.5,0.0
0.1111111111111111,0.2222222222222222,0.0,0.0,0.5,0.0,0.0,0.0,0.0,0.0
0.2222222222222222,0.1111111111111111,0.1111111111111111,0.2222222222222222,0.125,0.2222222222222222,0.2222222222222222,0.0,0.0,0.0
0.3333333333333333,0.2222222222222222,0.2222222222222222,0.0,0.125,0.0,0.2222222222222222,0.2222222222222222,0.0,0.0
0.4444444444444445,0.2222222222222222,0.5555555555555556,0.0,0.125,0.0,0.0,0.0,0.0,0.0
0.7777777777777777,0.6666666666666665,0.7777777777777777,0.1111111111111111,0.375,0.1111111111111111,0.4444444444444445,1.0,0.0,1.0
0.0,0.2222222222222222,0.0,0.0,0.125,0.0,0.1111111111111111,0.1111111111111111,0.0,0.0
0.4444444444444445,0.0,0.0,0.2222222222222222,0.375,0.0,0.2222222222222222,0.1111111111111111,0.0,0.0
0.4444444444444445,0.0,0.0,0.0,0.125,0.0,0.1111111111111111,0.1111111111111111,0.0,0.0
0.2222222222222222,0.1111111111111111,0.1111111111111111,0.2222222222222222,0.125,0.0,0.0,0.0,0.0,0.0
0.5555555555555556,0.8888888888888888,0.6666666666666665,0.4444444444444445,0.5,0.7777777777777777,0.3333333333333333,0.1111111111111111,0.0,0.0
1.0,0.7777777777777777,1.0,0.0,0.25,1.0,0.4444444444444445,0.0,0.0,1.0
1.0,1.0,1.0,0.0,0.625,0.0,0.1111111111111111,0.7777777777777777,0.0,1.0
0.3333333333333333,0.0,0.2222222222222222,0.2222222222222222,0.125,0.0,0.0,0.0,0.0,0.0
0.4444444444444445,0.0,0.0,0.0,0.125,0.0,0.0,0.0,0.0,0.0
1.0,0.3333333333333333,0.2222222222222222,1.0,0.375,1.0,1.0,0.0,0.0,1.0
0.4444444444444445,0.1111111111111111,0.1111111111111111,0.3333333333333333,0.125,0.3333333333333333,0.0,0.0,0.0,0.0
0.0,0.0,0.0,0.2222222222222222,0.125,0.2222222222222222,0.0,0.0,0.0,0.0
0.0,0.0,0.0,0.0,0.125,0.1111111111111111,0.0,0.0,0.0,0.0
0.4444444444444445,0.0,0.0,0.5555555555555556,0.25,0.0,0.1111111111111111,0.0,0.0,0.0
0.4444444444444445,0.6666666666666665,0.8888888888888888,0.7777777777777777,0.625,1.0,0.7777777777777777,1.0,0.0,1.0
0.3333333333333333,0.0,0.0,0.2222222222222222,0.0,0.0,0.1111111111111111,0.0,0.0,0.0
0.2222222222222222,0.0,0.0,0.2222222222222222,0.125,0.0,0.0,0.0,0.0,0.0
0.3333333333333333,0.4444444444444445,0.4444444444444445,0.7777777777777777,0.625,1.0,1.0,0.6666666666666665,0.0,1.0
0.1111111111111111,0.2222222222222222,0.0,0.0,0.25,0.0,0.0,0.0,0.0,0.0
1.0,0.1111111111111111,0.1111111111111111,0.0,0.125,0.5555555555555556,0.0,0.0,0.5,1.0
1.0,0.5555555555555556,0.4444444444444445,0.7777777777777777,0.5,1.0,0.7777777777777777,0.5555555555555556,0.0,1.0
0.7777777777777777,0.7777777777777777,0.8888888888888888,0.5555555555555556,0.625,0.2222222222222222,1.0,1.0,0.0,1.0
0.4444444444444445,0.0,0.1111111111111111,0.0,0.125,0.0,0.0,0.0,0.0,0.0
0.4444444444444445,0.0,0.2222222222222222,0.0,0.125,0.0,0.0,0.0,0.0,0.0
0.2222222222222222,0.0,0.0,0.0,0.125,0.4444444444444445,0.0,0.0,0.0,0.0
0.5555555555555556,0.0,0.0,0.2222222222222222,0.125,0.0,0.0,0.0,0.0,0.0
0.3333333333333333,0.0,0.0,0.0,0.125,0.0,0.0,0.1111111111111111,0.0,0.0
1.0,0.8888888888888888,0.7777777777777777,0.6666666666666665,0.625,0.3333333333333333,0.6666666666666665,1.0,1.0,1.0
1.0,0.5555555555555556,0.5555555555555556,0.1111111111111111,0.375,1.0,0.8888888888888888,0.6666666666666665,0.0,1.0
0.5555555555555556,0.5555555555555556,0.5555555555555556,0.4444444444444445,0.375,1.0,0.6666666666666665,0.5555555555555556,0.5,1.0
0.0,0.0,0.1111111111111111,0.0,0.125,0.0,0.1111111111111111,0.0,0.0,0.0
0.5555555555555556,0.0,0.0,0.0,0.0,0.0,0.0,0.0,0.0,0.0
0.3333333333333333,0.0,0.1111111111111111,0.0,0.125,0.0,0.0,0.0,0.0,0.0
0.4444444444444445,0.1111111111111111,0.0,0.0,0.125,0.0,0.0,0.0,0.0,0.0
0.3333333333333333,0.7777777777777777,0.6666666666666665,1.0,0.375,1.0,0.6666666666666665,0.4444444444444445,0.0,1.0
0.4444444444444445,0.0,0.0,0.0,0.0,0.0,0.0,0.0,0.0,0.0
0.4444444444444445,0.2222222222222222,0.1111111111111111,0.3333333333333333,0.125,0.0,0.0,0.0,0.0,0.0
0.7777777777777777,0.6666666666666665,0.7777777777777777,0.4444444444444445,0.5,1.0,0.8888888888888888,1.0,0.0,1.0
0.0,0.0,0.0,0.2222222222222222,0.0,0.2222222222222222,0.0,0.0,0.0,0.0
0.2222222222222222,0.5555555555555556,0.3333333333333333,1.0,0.25,0.2222222222222222,0.2222222222222222,0.3333333333333333,0.0,1.0
0.5555555555555556,0.2222222222222222,0.1111111111111111,0.0,0.25,0.3333333333333333,0.3333333333333333,0.0,0.0,1.0
0.4444444444444445,0.7777777777777777,0.8888888888888888,0.3333333333333333,0.25,1.0,0.6666666666666665,0.0,0.0,1.0
0.3333333333333333,0.0,0.0,0.0,0.0,0.0,0.1111111111111111,0.0,0.0,0.0
0.4444444444444445,1.0,1.0,1.0,0.625,1.0,0.5555555555555556,0.4444444444444445,0.5,1.0
0.4444444444444445,0.0,0.1111111111111111,1.0,0.375,0.4444444444444445,0.1111111111111111,0.0,0.0,0.0
0.3333333333333333,0.1111111111111111,0.0,0.0,0.125,0.0,0.0,0.0,0.0,0.0
0.2222222222222222,0.2222222222222222,0.0,0.0,0.125,0.0,0.0,0.0,0.0,0.0
0.0,0.0,0.0,0.0,0.125,0.3333333333333333,0.0,0.0,0.0,0.0
0.5555555555555556,0.5555555555555556,0.6666666666666665,1.0,0.25,1.0,0.7777777777777777,1.0,0.5,1.0
0.3333333333333333,1.0,0.3333333333333333,0.6666666666666665,0.25,1.0,0.8888888888888888,1.0,0.0,1.0
0.2222222222222222,0.0,0.1111111111111111,0.1111111111111111,0.125,0.0,0.0,0.0,0.0,0.0
0.3333333333333333,0.6666666666666665,0.7777777777777777,0.2222222222222222,0.375,1.0,0.8888888888888888,0.0,0.0,1.0
0.0,0.0,0.0,0.0,0.25,0.0,0.0,0.0,0.0,0.0
0.3333333333333333,0.0,0.0,0.0,0.25,0.0,0.0,0.0,0.0,0.0
1.0,0.3333333333333333,0.4444444444444445,0.3333333333333333,0.25,0.4444444444444445,0.6666666666666665,0.2222222222222222,0.0,1.0
0.6666666666666665,0.4444444444444445,0.5555555555555556,1.0,0.375,1.0,0.4444444444444445,0.2222222222222222,0.0,1.0
0.5555555555555556,0.0,0.2222222222222222,0.1111111111111111,0.125,0.0,0.0,0.0,0.0,0.0
0.6666666666666665,0.3333333333333333,0.3333333333333333,0.2222222222222222,0.375,1.0,0.5555555555555556,0.8888888888888888,0.0,1.0
0.0,0.0,0.2222222222222222,0.1111111111111111,0.125,0.0,0.2222222222222222,0.0,0.0,0.0
0.5555555555555556,0.0,0.0,0.0,0.125,0.0,0.1111111111111111,0.0,0.0,0.0
0.4444444444444445,0.0,0.0,0.0,0.125,0.1111111111111111,0.1111111111111111,0.0,0.0,0.0
0.4444444444444445,0.2222222222222222,0.0,0.0,0.125,0.0,0.0,0.0,0.0,0.0
0.1111111111111111,0.0,0.2222222222222222,0.1111111111111111,0.125,0.0,0.1111111111111111,0.0,0.0,0.0
0.5555555555555556,1.0,1.0,1.0,0.375,1.0,0.6666666666666665,1.0,0.0,1.0
0.1111111111111111,0.0,0.0,0.0,0.0,0.0,0.0,0.0,0.0,0.0
0.2222222222222222,0.0,0.0,0.0,0.0,0.0,0.0,0.0,0.0,0.0
0.6666666666666665,0.7777777777777777,0.2222222222222222,0.6666666666666665,0.375,0.4444444444444445,0.6666666666666665,0.7777777777777777,0.5,1.0
0.2222222222222222,0.1111111111111111,0.1111111111111111,0.1111111111111111,0.125,0.0,0.3333333333333333,0.1111111111111111,0.0,0.0
0.3333333333333333,0.3333333333333333,0.1111111111111111,0.0,0.125,0.4444444444444445,0.1111111111111111,0.0,0.5,0.0
0.3333333333333333,0.2222222222222222,0.0,0.0,0.125,0.0,0.3333333333333333,0.7777777777777777,0.0,0.0
0.4444444444444445,0.1111111111111111,0.1111111111111111,0.1111111111111111,0.0,0.0,0.1111111111111111,0.0,0.0,0.0
0.4444444444444445,0.6666666666666665,1.0,1.0,0.5,1.0,1.0,1.0,0.0,1.0
0.2222222222222222,0.0,0.1111111111111111,0.0,0.125,0.0,0.2222222222222222,0.0,0.0,0.0
0.3333333333333333,0.0,0.0,0.0,0.125,0.2222222222222222,0.1111111111111111,0.0,0.0,0.0
0.7777777777777777,0.3333333333333333,0.3333333333333333,0.0,0.625,1.0,0.1111111111111111,0.4444444444444445,0.5,1.0
1.0,1.0,0.7777777777777777,1.0,0.625,0.4444444444444445,1.0,0.2222222222222222,0.0,1.0
0.7777777777777777,1.0,0.3333333333333333,0.3333333333333333,0.875,1.0,0.7777777777777777,0.1111111111111111,0.0,1.0
0.6666666666666665,0.5555555555555556,1.0,0.4444444444444445,0.25,1.0,0.8888888888888888,1.0,0.5,1.0
1.0,0.8888888888888888,0.6666666666666665,0.2222222222222222,0.375,0.1111111111111111,0.6666666666666665,0.6666666666666665,0.0,1.0
0.4444444444444445,0.0,0.1111111111111111,0.0,0.125,0.0,0.1111111111111111,0.0,0.0,0.0
0.4444444444444445,0.6666666666666665,1.0,0.5555555555555556,0.5,1.0,0.6666666666666665,0.4444444444444445,0.0,1.0
0.5555555555555556,1.0,0.4444444444444445,0.4444444444444445,0.375,1.0,0.5555555555555556,1.0,0.0,1.0
0.4444444444444445,0.0,0.0,0.5555555555555556,0.25,0.0,0.0,0.0,0.0,0.0
0.7777777777777777,1.0,1.0,1.0,0.625,1.0,1.0,1.0,0.0,1.0
0.8888888888888888,0.7777777777777777,0.7777777777777777,0.8888888888888888,0.625,0.2222222222222222,0.3333333333333333,0.0,0.0,1.0
0.3333333333333333,1.0,0.7777777777777777,0.4444444444444445,0.375,0.0,1.0,0.0,0.0,1.0
0.1111111111111111,0.4444444444444445,0.6666666666666665,0.5555555555555556,0.375,1.0,0.6666666666666665,0.5555555555555556,0.0,1.0
1.0,0.2222222222222222,0.3333333333333333,0.4444444444444445,0.25,1.0,0.3333333333333333,0.0,0.0,1.0
0.3333333333333333,0.7777777777777777,0.5555555555555556,0.2222222222222222,0.375,1.0,0.6666666666666665,0.0,0.0,1.0
0.4444444444444445,0.0,0.2222222222222222,0.0,0.125,0.0,0.2222222222222222,0.0,0.0,0.0
0.4444444444444445,0.1111111111111111,0.3333333333333333,0.0,0.0,0.0,0.0,0.0,0.0,0.0
0.4444444444444445,0.3333333333333333,0.5555555555555556,0.7777777777777777,0.375,0.0,0.7777777777777777,1.0,0.0,1.0
0.4444444444444445,0.2222222222222222,0.1111111111111111,0.7777777777777777,0.5,1.0,0.7777777777777777,0.0,0.5,1.0
1.0,0.4444444444444445,1.0,0.2222222222222222,0.5,0.7777777777777777,0.6666666666666665,0.7777777777777777,1.0,1.0
0.3333333333333333,0.0,0.0,0.1111111111111111,0.125,0.0,0.0,0.0,0.0,0.0
1.0,0.3333333333333333,0.2222222222222222,1.0,0.25,1.0,0.6666666666666665,0.0,0.5,1.0
0.4444444444444445,1.0,1.0,1.0,0.5,0.1111111111111111,0.7777777777777777,0.4444444444444445,0.0,1.0
0.1111111111111111,0.2222222222222222,0.0,0.0,0.125,0.0,0.1111111111111111,0.0,0.0,0.0
0.1111111111111111,0.0,0.0,0.0,0.0,0.0,0.1111111111111111,0.0,0.0,0.0
0.3333333333333333,0.0,0.2222222222222222,0.0,0.125,0.0,0.1111111111111111,0.0,0.0,0.0
0.5555555555555556,0.2222222222222222,0.2222222222222222,0.2222222222222222,0.25,0.1111111111111111,0.5555555555555556,0.0,0.0,0.0
0.6666666666666665,0.0,0.1111111111111111,0.2222222222222222,0.125,0.0,0.1111111111111111,0.0,0.0,0.0
0.4444444444444445,0.0,0.0,0.1111111111111111,0.0,0.0,0.1111111111111111,0.0,0.0,0.0
0.2222222222222222,0.0,0.2222222222222222,0.0,0.25,0.3333333333333333,0.0,0.0,0.0,0.0
0.3333333333333333,0.5555555555555556,0.5555555555555556,0.4444444444444445,0.75,0.5555555555555556,0.6666666666666665,0.6666666666666665,1.0,1.0
0.1111111111111111,0.0,0.0,0.0,0.125,0.4444444444444445,0.0,0.0,0.0,0.0
0.5555555555555556,0.1111111111111111,0.2222222222222222,0.0,0.125,0.0,0.0,0.0,0.0,0.0
0.7777777777777777,0.6666666666666665,0.3333333333333333,0.3333333333333333,0.5,0.2222222222222222,0.4444444444444445,1.0,0.0,1.0
0.2222222222222222,0.0,0.3333333333333333,0.0,0.125,0.0,0.0,0.0,0.0,0.0
1.0,1.0,0.6666666666666665,0.7777777777777777,0.75,0.0,1.0,1.0,1.0,1.0
0.3333333333333333,0.1111111111111111,0.3333333333333333,0.2222222222222222,0.125,0.1111111111111111,0.1111111111111111,0.0,0.0,0.0
0.3333333333333333,0.0,0.0,0.2222222222222222,0.125,0.0,0.0,0.0,0.0,0.0
0.0,0.0,0.0,0.2222222222222222,0.125,0.0,0.0,0.0,0.0,0.0
0.2222222222222222,0.0,0.0,0.1111111111111111,0.25,0.3333333333333333,0.0,0.0,0.0,0.0
0.0,0.1111111111111111,0.0,0.2222222222222222,0.125,0.0,0.1111111111111111,0.0,0.0,0.0
0.4444444444444445,0.3333333333333333,0.4444444444444445,0.0,0.875,0.0,0.2222222222222222,0.5555555555555556,0.0,0.0
0.6666666666666665,0.7777777777777777,0.7777777777777777,0.6666666666666665,0.25,1.0,0.6666666666666665,0.1111111111111111,1.0,1.0
0.2222222222222222,0.0,0.0,0.2222222222222222,0.125,0.0,0.1111111111111111,0.0,0.0,0.0
0.4444444444444445,0.1111111111111111,0.1111111111111111,0.1111111111111111,0.125,0.0,0.0,0.0,0.5,0.0
0.4444444444444445,0.6666666666666665,0.3333333333333333,0.0,0.625,0.0,0.6666666666666665,1.0,1.0,1.0
0.4444444444444445,1.0,1.0,0.7777777777777777,0.5,0.4444444444444445,0.6666666666666665,1.0,0.0,1.0
0.2222222222222222,1.0,0.6666666666666665,0.7777777777777777,0.5,0.7777777777777777,0.6666666666666665,0.3333333333333333,0.0,1.0
0.2222222222222222,0.1111111111111111,0.0,0.1111111111111111,0.125,0.0,0.2222222222222222,0.0,0.0,0.0
0.4444444444444445,0.2222222222222222,0.1111111111111111,0.0,0.25,0.0,0.0,0.0,0.0,0.0
0.3333333333333333,0.0,0.3333333333333333,0.0,0.125,0.0,0.0,0.0,0.0,0.0
0.4444444444444445,1.0,1.0,1.0,0.375,1.0,0.4444444444444445,0.5555555555555556,1.0,1.0
0.4444444444444445,0.0,0.0,0.0,0.125,0.0,0.2222222222222222,0.1111111111111111,0.0,0.0
0.2222222222222222,0.0,0.0,0.0,0.125,0.0,0.1111111111111111,0.2222222222222222,0.0,0.0
0.4444444444444445,1.0,1.0,0.4444444444444445,0.375,0.4444444444444445,0.3333333333333333,0.3333333333333333,0.0,1.0
0.2222222222222222,0.0,0.0,0.0,0.125,0.0,0.1111111111111111,0.0,0.5,0.0
0.2222222222222222,0.0,0.0,0.0,0.25,0.1111111111111111,0.0,0.0,0.0,0.0
0.4444444444444445,1.0,1.0,0.2222222222222222,0.75,0.2222222222222222,0.7777777777777777,1.0,0.5,1.0
0.3333333333333333,0.7777777777777777,0.5555555555555556,0.3333333333333333,0.25,0.3333333333333333,1.0,0.5555555555555556,0.0,1.0
0.3333333333333333,0.7777777777777777,0.7777777777777777,0.4444444444444445,0.375,0.4444444444444445,1.0,0.3333333333333333,0.0,1.0
